{"errors":[],"warnings":["chunk styles [mini-css-extract-plugin]\nConflicting order. Following module has been added:\n * css ./node_modules/css-loader??ref--12-oneOf-1-1!./node_modules/postcss-loader/src??postcss-2!./src/components/Button.css\ndespite it was not able to fulfill desired ordering with these modules:\n * css ./node_modules/css-loader??ref--12-oneOf-1-1!./node_modules/postcss-loader/src??postcss-2!./src/components/Footer.css\n   - couldn't fulfill desired order of chunk group(s) component---src-pages-blogs-js, component---src-pages-contact-js\n   - while fulfilling desired order of chunk group(s) component---src-pages-index-js"],"namedChunkGroups":{"polyfill":{"chunks":[2,9],"assets":["webpack-runtime-13e5446f8f4291973a71.js","webpack-runtime-13e5446f8f4291973a71.js.map","polyfill-0ca925a8c2baff429a22.js","polyfill-0ca925a8c2baff429a22.js.map"],"children":{},"childAssets":{}},"app":{"chunks":[2,8,3,4],"assets":["webpack-runtime-13e5446f8f4291973a71.js","webpack-runtime-13e5446f8f4291973a71.js.map","framework-a445a942d18bd3dc90d1.js","framework-a445a942d18bd3dc90d1.js.map","532a2f07-98241c9de7d7b4ffe645.js","532a2f07-98241c9de7d7b4ffe645.js.map","app-95baeaea588673438d11.js","app-95baeaea588673438d11.js.map"],"children":{},"childAssets":{}},"component---src-pages-blogs-js":{"chunks":[1,0,5],"assets":["styles.8ee36255f12ce9d075cc.css","styles-e9d24b1846c7d6eb9685.js","styles-e9d24b1846c7d6eb9685.js.map","commons-93bd14c6543581b22b06.js","commons-93bd14c6543581b22b06.js.map","component---src-pages-blogs-js-3407faa2a8cfc37423dc.js","component---src-pages-blogs-js-3407faa2a8cfc37423dc.js.map"],"children":{},"childAssets":{}},"component---src-pages-contact-js":{"chunks":[1,0,6],"assets":["styles.8ee36255f12ce9d075cc.css","styles-e9d24b1846c7d6eb9685.js","styles-e9d24b1846c7d6eb9685.js.map","commons-93bd14c6543581b22b06.js","commons-93bd14c6543581b22b06.js.map","component---src-pages-contact-js-32ca10f505f4e61d38c0.js","component---src-pages-contact-js-32ca10f505f4e61d38c0.js.map"],"children":{},"childAssets":{}},"component---src-pages-index-js":{"chunks":[1,0,7],"assets":["styles.8ee36255f12ce9d075cc.css","styles-e9d24b1846c7d6eb9685.js","styles-e9d24b1846c7d6eb9685.js.map","commons-93bd14c6543581b22b06.js","commons-93bd14c6543581b22b06.js.map","component---src-pages-index-js-69797d61a6cb216fff63.js","component---src-pages-index-js-69797d61a6cb216fff63.js.map"],"children":{},"childAssets":{}}},"assetsByChunkName":{"polyfill":["webpack-runtime-13e5446f8f4291973a71.js","polyfill-0ca925a8c2baff429a22.js"],"app":["webpack-runtime-13e5446f8f4291973a71.js","framework-a445a942d18bd3dc90d1.js","532a2f07-98241c9de7d7b4ffe645.js","app-95baeaea588673438d11.js"],"component---src-pages-blogs-js":["styles.8ee36255f12ce9d075cc.css","styles-e9d24b1846c7d6eb9685.js","commons-93bd14c6543581b22b06.js","component---src-pages-blogs-js-3407faa2a8cfc37423dc.js"],"component---src-pages-contact-js":["styles.8ee36255f12ce9d075cc.css","styles-e9d24b1846c7d6eb9685.js","commons-93bd14c6543581b22b06.js","component---src-pages-contact-js-32ca10f505f4e61d38c0.js"],"component---src-pages-index-js":["styles.8ee36255f12ce9d075cc.css","styles-e9d24b1846c7d6eb9685.js","commons-93bd14c6543581b22b06.js","component---src-pages-index-js-69797d61a6cb216fff63.js"]}}