{"data":{"allMarkdownRemark":{"edges":[{"node":{"frontmatter":{"title":"Bootcamp","picture":"/images/screen-shot-2020-10-25-at-12.25.34-am.png"}}},{"node":{"frontmatter":{"title":"beeerrrooooo","picture":"/images/screen-shot-2020-09-24-at-12.18.46-am.png"}}},{"node":{"frontmatter":{"title":"BOSS","picture":"/images/screen-shot-2020-08-29-at-10.58.54-am.png"}}},{"node":{"frontmatter":{"title":"10,000 Ninja","picture":"/images/screen-shot-2020-08-04-at-5.12.32-pm.png"}}},{"node":{"frontmatter":{"title":"PanaCloud","picture":"/images/screen-shot-2020-09-06-at-10.52.06-am.png"}}},{"node":{"frontmatter":{"title":"Ninja Ninja","picture":"/images/abc.jpeg"}}},{"node":{"frontmatter":{"title":"Waaoww grapee","picture":"/images/594b0feb-5e79-47d7-be91-b98f703e2905.jpeg"}}},{"node":{"frontmatter":{"title":"White walkers","picture":"/images/fd2e9291-abc3-4dda-9c17-5b5de0b82043.jpeg"}}},{"node":{"frontmatter":{"title":"Pikachu","picture":null}}},{"node":{"frontmatter":{"title":"20202020","picture":"/images/screen-shot-2020-09-24-at-12.19.45-am.png"}}}]}}}