{"data":{"allMarkdownRemark":{"edges":[{"node":{"frontmatter":{"title":"20202020","picture":"/images/screen-shot-2020-09-24-at-12.19.45-am.png"},"html":"<p>2020202</p>"}},{"node":{"frontmatter":{"title":"Bootcamp","picture":"/images/screen-shot-2020-10-25-at-12.25.34-am.png"},"html":"<p>todo app</p>"}},{"node":{"frontmatter":{"title":"beeerrrooooo","picture":"/images/screen-shot-2020-09-24-at-12.18.46-am.png"},"html":"<p>hahahhhaahahahaahaha</p>"}},{"node":{"frontmatter":{"title":"PanaCloud","picture":"/images/screen-shot-2020-09-06-at-10.52.06-am.png"},"html":"<p>panananananacloudcloudcloud</p>"}},{"node":{"frontmatter":{"title":"BOSS","picture":"/images/screen-shot-2020-08-29-at-10.58.54-am.png"},"html":"<p>Boss em</p>"}},{"node":{"frontmatter":{"title":"Waaoww grapee","picture":"/images/594b0feb-5e79-47d7-be91-b98f703e2905.jpeg"},"html":"<p>Hahahahah</p>"}},{"node":{"frontmatter":{"title":"Ninja Ninja","picture":"/images/abc.jpeg"},"html":"<p>hhavca cghvagc</p>"}},{"node":{"frontmatter":{"title":"10,000 Ninja","picture":"/images/screen-shot-2020-08-04-at-5.12.32-pm.png"},"html":"<p>Netflixxxxxxxxxxxxxx</p>"}},{"node":{"frontmatter":{"title":"White walkers","picture":"/images/fd2e9291-abc3-4dda-9c17-5b5de0b82043.jpeg"},"html":"<p>Power is power</p>"}},{"node":{"frontmatter":{"title":"Pikachu","picture":null},"html":""}}]}}}